no,stn_Code,stn_Name,date,temp,max_Temp,min_Temp,hum,widdir,wind,max_Wind,rain,sun_Time,sun_Qy,condens_Time,gr_Temp,soil_Temp,soil_Wt,year
20,760380A001,안동시 송천동,2011-01-20,-6.3,-0.4,-12.3,48.8,277.7,1.8,,0.0,10,39.6,0,-7.4,-1.5,,2011
21,760380A001,안동시 송천동,2011-01-21,-6.9,1.2,-13.1,51.0,277.9,1.1,,0.0,10,39.7,0,-7.6,-1.5,,2011
22,760380A001,안동시 송천동,2011-01-22,-6.1,2.4,-13.2,62.3,276.3,1.3,,0.0,10,38.8,0,-7.8,-1.6,,2011
23,760380A001,안동시 송천동,2011-01-23,-4.7,3.0,-11.1,74.4,282.5,0.9,,0.0,10,40.0,10,-5.0,-1.5,,2011
24,760380A001,안동시 송천동,2011-01-24,-5.2,-1.6,-10.7,59.0,274.0,2.5,,0.0,10,39.6,0,-6.0,-0.9,,2011
25,760380A001,안동시 송천동,2011-01-25,-8.1,-0.4,-15.6,62.7,274.0,1.6,,0.0,10,39.9,0,-8.4,-1.4,,2011
26,760380A001,안동시 송천동,2011-01-26,-7.4,0.2,-13.6,57.3,273.0,2.0,,0.0,10,38.7,0,-8.2,-1.6,,2011
27,760380A001,안동시 송천동,2011-01-27,-7.1,1.1,-14.9,45.1,278.1,1.9,,0.0,10,39.8,0,-8.0,-1.7,,2011
28,760380A001,안동시 송천동,2011-01-28,-5.1,0.9,-10.7,37.2,274.5,1.4,,0.0,10,39.6,0,-5.3,-1.4,,2011
29,760380A001,안동시 송천동,2011-01-29,-6.9,-2.0,-13.1,36.9,274.8,3.1,,0.0,10,39.3,0,-7.8,-1.5,,2011
30,760380A001,안동시 송천동,2011-01-30,-8.0,-3.0,-12.6,36.3,274.0,2.9,,0.0,10,39.8,0,-8.6,-1.9,,2011
31,760380A001,안동시 송천동,2011-01-31,-5.9,1.3,-12.8,46.5,276.6,2.9,,0.0,10,39.3,0,-6.9,-1.9,,2011
32,760380A001,안동시 송천동,2011-02-01,-3.5,7.3,-12.1,68.6,285.3,1.0,,0.0,10,39.6,10,-4.4,-1.5,,2011
33,760380A001,안동시 송천동,2011-02-02,-1.1,9.5,-7.9,57.5,275.7,1.0,,0.0,10,37.3,0,-2.1,-0.9,,2011
34,760380A001,안동시 송천동,2011-02-03,-2.3,8.6,-11.0,58.4,281.9,0.9,,0.0,10,39.6,0,-3.9,-0.8,,2011
35,760380A001,안동시 송천동,2011-02-04,-0.4,10.3,-9.3,57.5,278.1,1.3,,0.0,10,38.5,0,-1.3,-0.7,,2011
36,760380A001,안동시 송천동,2011-02-05,-0.6,9.4,-7.9,66.5,187.7,0.8,,0.0,10,39.1,10,-1.5,-0.5,,2011
37,760380A001,안동시 송천동,2011-02-06,-0.3,8.2,-7.1,66.4,284.3,1.3,,0.0,10,39.8,10,-1.6,-0.5,,2011
38,760380A001,안동시 송천동,2011-02-07,-0.6,7.7,-8.0,69.6,117.8,0.9,,0.0,10,39.4,10,-1.6,-0.4,,2011
39,760380A001,안동시 송천동,2011-02-08,1.3,7.6,-3.3,69.4,104.8,0.6,,0.0,8,29.3,10,0.1,-0.4,,2011
40,760380A001,안동시 송천동,2011-02-09,-1.0,7.7,-6.5,68.2,280.8,1.3,,0.0,10,39.7,10,-1.5,-0.3,,2011
41,760380A001,안동시 송천동,2011-02-10,-2.2,4.8,-9.1,66.8,110.8,0.5,,0.0,6,29.8,9,-2.5,-0.3,,2011
42,760380A001,안동시 송천동,2011-02-11,-0.9,1.2,-3.2,81.9,280.3,0.9,,1.5,0,22.5,10,-1.8,-0.3,,2011
43,760380A001,안동시 송천동,2011-02-12,-2.8,3.0,-8.7,50.7,268.1,0.8,,1.5,10,39.2,0,-3.1,-0.3,,2011
44,760380A001,안동시 송천동,2011-02-13,-5.7,3.0,-13.4,65.0,101.2,0.5,,0.5,10,38.6,0,-4.1,-0.3,,2011
45,760380A001,안동시 송천동,2011-02-14,-2.7,2.9,-13.4,96.7,283.5,1.4,,1.0,0,10.4,10,-3.4,-0.3,,2011
46,760380A001,안동시 송천동,2011-02-15,-3.2,5.8,-10.6,76.8,275.0,1.0,,1.0,10,38.2,10,-3.0,-0.3,,2011
47,760380A001,안동시 송천동,2011-02-16,-1.4,8.7,-11.1,72.5,284.6,0.9,,0.0,10,37.9,10,-1.2,-0.3,,2011
48,760380A001,안동시 송천동,2011-02-17,0.9,2.4,-0.2,99.5,300.5,0.4,,6.0,0,19.3,10,0.0,-0.3,,2011
49,760380A001,안동시 송천동,2011-02-18,0.4,8.6,-4.2,82.5,113.9,0.4,,0.0,10,40.0,10,1.1,-0.3,,2011
50,760380A001,안동시 송천동,2011-02-19,0.4,10.3,-6.0,70.2,278.7,1.1,,0.0,10,39.5,10,0.8,-0.2,,2011
51,760380A001,안동시 송천동,2011-02-20,1.5,11.4,-6.1,69.5,100.8,2.3,,0.0,10,37.3,10,1.9,-0.2,,2011
52,760380A001,안동시 송천동,2011-02-21,2.1,11.4,-6.0,71.8,103.8,1.3,,0.0,10,39.9,10,4.1,-0.1,,2011
53,760380A001,안동시 송천동,2011-02-22,6.1,14.0,-6.2,61.5,98.6,1.2,,0.0,10,38.7,10,9.4,1.5,,2011
54,760380A001,안동시 송천동,2011-02-23,3.0,15.4,-4.0,73.3,170.8,1.1,,0.0,10,37.8,10,3.5,2.2,,2011
55,760380A001,안동시 송천동,2011-02-24,5.4,17.4,-5.1,62.3,281.2,1.7,,0.0,10,39.7,10,5.0,3.1,,2011
56,760380A001,안동시 송천동,2011-02-25,5.3,12.8,-1.9,55.8,281.9,2.1,,0.0,10,39.7,10,4.0,3.9,,2011
57,760380A001,안동시 송천동,2011-02-26,2.4,10.8,-5.6,66.7,96.2,2.2,,0.0,10,39.8,10,4.2,3.8,,2011
58,760380A001,안동시 송천동,2011-02-27,3.5,5.8,1.4,97.2,96.2,2.3,,47.5,0,4.7,10,3.0,3.9,,2011
59,760380A001,안동시 송천동,2011-02-28,4.5,7.4,2.6,87.0,97.9,2.0,,1.5,0,21.2,10,3.9,4.1,,2011
60,760380A001,안동시 송천동,2011-03-01,3.3,7.3,-0.7,86.3,273.4,1.4,,2.0,10,30.3,10,2.6,4.3,,2011
61,760380A001,안동시 송천동,2011-03-02,-0.2,4.7,-4.6,51.9,273.4,2.7,,0.0,10,35.9,0,-0.2,3.7,,2011
62,760380A001,안동시 송천동,2011-03-03,-1.9,4.5,-8.4,51.6,271.7,1.7,,0.0,10,37.2,0,-0.9,3.2,,2011
63,760380A001,안동시 송천동,2011-03-04,-0.6,7.3,-7.9,53.6,276.3,1.5,,0.0,10,37.2,0,0.2,3.2,,2011
64,760380A001,안동시 송천동,2011-03-05,0.3,9.2,-7.0,62.7,279.9,1.2,,0.0,10,39.9,0,0.3,3.2,,2011
65,760380A001,안동시 송천동,2011-03-06,3.4,11.2,-4.1,57.8,280.2,1.3,,0.0,10,37.3,0,4.6,3.8,,2011
66,760380A001,안동시 송천동,2011-03-07,3.8,9.2,-0.7,49.2,273.9,2.6,,0.0,10,37.9,0,3.7,4.8,,2011
67,760380A001,안동시 송천동,2011-03-08,2.1,9.4,-6.7,42.8,273.6,3.0,,0.0,10,37.2,0,2.2,4.3,,2011
68,760380A001,,2011-03-09,1.2,7.0,-4.2,37.6,275.2,3.4,,0.0,10,38.9,0,1.0,4.2,,2011
69,760380A001,,2011-03-10,1.7,9.1,-5.1,46.0,277.7,2.6,,0.0,10,38.8,0,1.9,4.2,,2011
70,760380A001,,2011-03-11,3.6,12.3,-4.4,48.0,271.8,2.2,,0.0,10,39.4,0,2.7,5.1,,2011
71,760380A001,,2011-03-12,4.7,16.4,-3.4,46.9,276.6,1.2,,0.0,10,33.8,0,4.8,5.9,,2011
72,760380A001,,2011-03-13,6.7,19.0,-3.0,58.7,273.4,1.2,,0.0,10,38.7,0,7.1,6.9,,2011
73,760380A001,,2011-03-14,7.7,18.2,-0.5,72.3,95.5,1.9,,0.0,10,39.8,10,8.8,7.8,,2011
74,760380A001,,2011-03-15,5.2,9.8,-1.7,45.1,271.8,3.8,,0.0,10,38.8,0,6.4,8.4,,2011
75,760380A001,,2011-03-16,0.5,6.0,-6.2,30.2,273.1,3.6,,0.0,10,39.8,0,1.5,6.8,,2011
76,760380A001,,2011-03-17,0.9,9.2,-6.1,43.1,271.7,1.7,,0.0,10,40.0,0,1.5,6.3,,2011
77,760380A001,,2011-03-18,4.0,13.9,-7.2,43.0,260.1,1.1,,0.0,10,39.4,0,4.5,6.4,,2011
78,760380A001,,2011-03-19,9.0,17.8,-7.2,45.3,275.4,1.4,,0.0,10,39.7,0,9.5,7.7,,2011
79,760380A001,,2011-03-20,6.3,17.8,-1.0,83.0,92.4,0.7,,14.0,9,25.3,10,6.0,8.2,,2011
80,760380A001,,2011-03-21,7.9,13.2,2.8,68.6,138.0,1.2,,14.0,10,39.9,10,9.1,8.5,,2011
81,760380A001,,2011-03-22,5.2,13.2,-0.4,36.7,273.8,2.8,,0.0,10,37.6,0,6.2,8.7,,2011
82,760380A001,,2011-03-23,1.9,9.9,-5.1,40.6,273.0,2.1,,0.0,10,38.8,0,2.8,7.8,,2011
83,760380A001,,2011-03-24,3.4,11.1,-5.1,54.4,272.9,2.0,,0.5,10,38.8,10,4.6,7.5,,2011
84,760380A001,,2011-03-25,2.5,11.1,-4.6,54.9,275.7,3.2,,0.5,10,37.5,10,3.5,8.0,,2011
85,760380A001,,2011-03-26,-1.4,10.2,-6.8,67.8,151.2,0.8,,0.0,10,39.7,0,-4.3,7.3,,2011
86,760380A001,,2011-03-27,3.0,12.3,-6.7,52.0,276.8,1.7,,0.0,10,39.2,0,4.3,7.3,,2011
87,760380A001,,2011-03-28,5.2,13.0,-1.9,50.3,275.8,1.9,,0.0,10,37.8,0,5.7,8.0,,2011
88,760380A001,,2011-03-29,3.8,12.2,-5.0,52.9,278.6,2.1,,0.0,10,39.9,0,4.8,7.7,,2011
89,760380A001,,2011-03-30,7.2,17.3,-2.4,48.1,275.5,2.2,,0.0,10,39.8,0,7.5,8.2,,2011
90,760380A001,,2011-03-31,8.3,20.8,-2.3,53.9,261.5,1.4,,0.0,10,37.6,10,9.3,9.0,,2011
91,760380A001,,2011-04-01,10.2,21.6,-2.5,41.7,277.9,2.0,,0.0,10,38.7,10,10.5,9.7,,2011
92,760380A001,,2011-04-02,7.3,10.8,2.6,52.6,96.5,3.2,,0.0,10,40.0,0,8.1,9.7,,2011
93,760380A001,,2011-04-03,7.3,13.8,0.4,59.8,101.3,2.0,,0.0,10,36.0,0,11.6,10.0,,2011
94,760380A001,,2011-04-04,6.1,15.7,-2.8,51.4,101.5,2.2,,0.0,10,37.9,0,9.5,10.1,,2011
95,760380A001,,2011-04-05,7.8,20.4,-2.9,48.4,133.7,1.3,,0.0,10,37.2,0,10.6,10.3,,2011
96,760380A001,,2011-04-06,11.0,21.0,-1.4,45.7,237.8,1.9,,0.0,10,39.2,0,12.0,10.7,,2011
97,760380A001,,2011-04-07,11.6,15.7,8.3,93.1,262.6,1.2,,7.5,0,19.8,10,11.1,10.9,,2011
98,760380A001,,2011-04-08,12.1,18.1,6.0,76.0,91.2,1.9,,6.0,10,38.2,10,14.2,12.2,,2011
99,760380A001,,2011-04-09,9.8,19.8,2.4,62.0,274.5,1.6,,0.0,10,38.1,10,11.4,12.2,,2011
100,760380A001,,2011-04-10,11.6,22.0,0.6,49.6,276.9,2.4,,0.0,10,38.8,10,12.1,11.8,,2011
101,760380A001,,2011-04-11,10.2,16.4,2.5,59.3,273.5,1.5,,11.0,10,39.8,10,11.2,12.2,,2011
102,760380A001,,2011-04-12,9.3,20.5,-2.2,48.5,272.6,1.8,,0.0,10,39.2,10,10.4,11.6,,2011
103,760380A001,,2011-04-13,11.5,22.4,-0.4,39.5,275.1,1.9,,0.0,10,39.5,0,11.7,11.9,,2011
104,760380A001,,2011-04-14,12.6,23.3,1.6,40.8,271.9,1.2,,0.5,10,39.1,0,12.7,12.4,,2011
105,760380A001,,2011-04-15,16.4,27.2,5.0,48.0,276.3,2.6,,0.0,10,39.6,0,17.2,13.2,,2011
106,760380A001,,2011-04-16,11.4,18.9,4.7,56.6,97.3,3.1,,0.0,10,38.3,0,15.5,14.1,,2011
107,760380A001,,2011-04-17,9.9,20.6,0.4,55.8,93.6,2.4,,0.0,10,36.8,10,13.7,13.5,,2011
108,760380A001,,2011-04-18,7.9,12.5,4.3,61.8,272.2,2.0,,0.0,10,38.4,0,9.0,12.6,,2011
109,760380A001,,2011-04-19,8.1,14.4,2.5,50.4,271.6,2.1,,0.0,10,39.8,0,8.9,11.5,,2011
110,760380A001,,2011-04-20,10.2,21.3,-1.2,54.6,269.9,2.0,,0.0,10,35.9,10,12.4,11.7,,2011
111,760380A001,,2011-04-21,12.9,21.3,3.8,42.4,270.1,1.2,,0.0,10,38.7,0,13.8,12.7,,2011
112,760380A001,,2011-04-22,10.1,13.3,8.9,91.5,95.5,2.1,,28.5,0,16.3,10,10.1,12.3,,2011
113,760380A001,,2011-04-23,11.2,16.1,6.1,57.8,275.1,3.8,,0.0,10,39.7,0,11.7,12.3,,2011
114,760380A001,,2011-04-24,10.4,16.9,4.6,47.4,277.1,3.5,,0.0,10,39.3,0,10.7,12.0,,2011
115,760380A001,,2011-04-25,12.6,19.2,6.4,48.1,273.8,3.3,,0.5,10,38.5,10,13.1,12.4,,2011
116,760380A001,,2011-04-26,9.4,11.3,7.9,100.0,98.8,1.1,,8.0,0,15.6,10,9.8,12.0,,2011
117,760380A001,,2011-04-27,13.3,18.9,9.7,78.7,272.5,2.0,,0.0,10,38.4,0,14.0,12.7,,2011
118,760380A001,,2011-04-28,9.8,15.6,2.8,61.3,275.5,1.8,,0.0,10,37.3,0,10.0,12.8,,2011
119,760380A001,안동시 송천동,2011-04-29,11.2,21.5,-0.4,57.7,200.4,1.0,,0.0,10,37.7,10,12.3,12.2,,2011
120,760380A001,안동시 송천동,2011-04-30,15.5,22.9,9.5,93.8,267.0,1.2,,13.5,4,30.3,10,14.8,11.8,,2011
121,760380A001,안동시 송천동,2011-05-01,16.2,19.6,11.4,64.1,276.5,3.2,,11.0,10,38.0,10,17.0,-0.7,,2011
122,760380A001,안동시 송천동,2011-05-02,15.2,24.0,7.5,61.3,247.3,0.6,,0.0,10,39.7,0,17.8,15.5,,2011
123,760380A001,안동시 송천동,2011-05-03,16.4,25.3,9.4,56.6,274.2,1.7,,0.0,10,39.6,0,17.5,15.2,,2011
124,760380A001,안동시 송천동,2011-05-04,13.6,23.0,5.1,55.2,94.1,2.3,,0.0,10,37.5,0,16.3,15.0,,2011
125,760380A001,안동시 송천동,2011-05-05,13.8,22.6,5.4,62.9,92.2,2.7,,0.0,10,34.3,10,16.7,13.0,,2011
126,760380A001,안동시 송천동,2011-05-06,13.6,21.1,4.7,71.9,99.1,0.9,,0.0,10,35.8,0,14.3,6.2,,2011
127,760380A001,안동시 송천동,2011-05-07,18.6,25.8,12.0,68.7,278.3,1.6,,0.0,10,39.0,0,19.0,1.2,,2011
128,760380A001,안동시 송천동,2011-05-08,17.7,29.1,8.1,59.4,104.7,1.5,,0.0,10,37.6,10,18.6,-6.8,,2011
129,760380A001,안동시 송천동,2011-05-09,19.7,28.3,10.2,70.7,250.3,1.4,,1.0,10,36.0,10,18.9,-22.9,,2011
130,760380A001,,2011-05-10,17.1,21.9,12.0,100.0,94.1,1.8,,63.0,0,27.7,10,17.2,-22.9,,2011
131,760380A001,안동시 송천동,2011-05-11,13.2,14.5,12.2,96.5,93.4,2.2,,43.0,0,11.2,10,14.1,-20.5,,2011
132,760380A001,안동시 송천동,2011-05-12,14.2,18.1,11.5,84.7,268.4,1.5,,6.0,1,34.7,10,14.2,-13.6,,2011
133,760380A001,안동시 송천동,2011-05-13,15.9,24.0,5.8,44.2,274.3,2.9,,0.0,10,39.7,0,15.3,8.8,,2011
134,760380A001,안동시 송천동,2011-05-14,17.2,25.2,8.7,38.3,275.4,2.6,,0.0,10,36.6,0,16.4,17.0,,2011
135,760380A001,안동시 송천동,2011-05-15,17.2,27.8,6.5,49.5,270.2,1.5,,0.0,10,39.9,0,17.1,17.4,,2011
136,760380A001,안동시 송천동,2011-05-16,16.9,25.0,8.1,52.8,273.0,1.4,,0.0,10,38.3,0,17.4,18.1,,2011
137,760380A001,안동시 송천동,2011-05-17,14.8,25.4,3.9,57.0,270.4,1.2,,0.0,10,37.5,0,16.0,17.7,,2011
138,760380A001,안동시 송천동,2011-05-18,18.2,28.6,6.3,56.0,233.3,1.5,,0.0,10,38.4,0,18.0,18.1,,2011
139,760380A001,안동시 송천동,2011-05-19,20.8,28.8,12.3,59.9,257.6,0.9,,0.0,10,37.1,0,20.5,19.0,,2011
140,760380A001,안동시 송천동,2011-05-20,19.6,26.7,13.6,84.6,266.2,0.6,,0.5,10,39.5,10,19.1,19.2,,2011
141,760380A001,안동시 송천동,2011-05-21,17.1,22.7,12.6,98.5,95.0,1.0,,17.0,5,26.8,10,17.5,18.7,,2011
142,760380A001,,2011-05-22,16.1,22.5,12.0,78.5,92.9,0.6,,3.0,10,39.5,10,17.7,18.2,,2011
143,760380A001,안동시 송천동,2011-05-23,14.8,21.8,8.5,74.1,89.4,0.7,,0.0,10,39.4,10,15.6,18.0,,2011
144,760380A001,안동시 송천동,2011-05-24,16.0,27.9,7.5,70.0,94.5,1.2,,0.0,10,38.4,10,17.6,17.1,,2011
145,760380A001,안동시 송천동,2011-05-25,17.7,25.8,11.0,66.3,94.0,2.3,,0.0,10,39.2,0,18.8,18.5,,2011
146,760380A001,안동시 송천동,2011-05-26,14.2,15.9,12.6,90.9,86.3,0.7,,4.0,0,33.4,10,15.1,17.8,,2011
147,760380A001,안동시 송천동,2011-05-27,16.0,18.9,13.6,86.7,105.6,0.6,,0.0,0,28.7,10,16.6,17.4,,2011
148,760380A001,안동시 송천동,2011-05-28,18.3,25.6,13.2,75.7,100.6,1.4,,0.0,10,38.9,10,21.2,18.5,,2011
149,760380A001,안동시 송천동,2011-05-29,17.3,24.8,11.5,73.5,95.3,1.6,,0.0,10,38.9,10,20.5,19.1,,2011
150,760380A001,안동시 송천동,2011-05-30,17.2,27.6,9.4,75.6,98.5,1.9,,0.0,10,37.4,10,19.3,19.2,,2011
151,760380A001,안동시 송천동,2011-05-31,15.8,19.8,13.9,87.8,93.9,1.4,,8.0,1,35.3,10,17.2,18.9,,2011
152,760380A001,안동시 송천동,2011-06-01,15.9,20.1,13.7,95.3,96.6,0.5,,18.0,10,39.1,10,17.3,18.2,,2011
153,760380A001,안동시 송천동,2011-06-02,19.0,26.8,14.2,80.3,114.0,0.8,,0.0,10,38.8,10,21.6,19.4,,2011
154,760380A001,안동시 송천동,2011-06-03,19.3,28.8,12.1,69.7,273.9,1.5,,0.0,10,38.4,0,21.7,20.6,,2011
155,760380A001,안동시 송천동,2011-06-04,19.0,26.0,11.1,75.2,275.2,1.9,,0.0,10,37.5,0,20.4,20.5,,2011
156,760380A001,안동시 송천동,2011-06-05,20.2,30.0,12.2,68.8,268.9,1.1,,0.0,10,36.2,10,21.6,20.9,,2011
157,760380A001,안동시 송천동,2011-06-06,20.1,29.6,11.2,69.6,195.7,0.9,,0.0,10,37.4,10,21.0,20.9,,2011
158,760380A001,안동시 송천동,2011-06-07,21.1,30.7,12.3,67.0,268.1,0.9,,0.0,10,39.9,10,22.3,21.2,,2011
159,760380A001,안동시 송천동,2011-06-08,21.6,31.2,12.6,68.4,268.3,1.1,,0.0,10,36.1,10,22.8,21.6,,2011
160,760380A001,안동시 송천동,2011-06-09,21.7,28.0,15.4,75.4,278.2,1.6,,0.0,10,40.0,0,23.2,22.0,,2011
161,760380A001,안동시 송천동,2011-06-10,20.2,25.6,15.7,80.5,104.0,0.5,,0.0,7,39.6,10,20.8,21.5,,2011
162,760380A001,안동시 송천동,2011-06-11,22.9,32.5,14.5,64.7,110.9,1.3,,0.0,10,39.1,10,24.3,21.8,,2011
163,760380A001,안동시 송천동,2011-06-12,22.5,31.5,16.0,61.0,149.3,1.0,,0.0,10,39.6,0,23.6,22.3,,2011
164,760380A001,안동시 송천동,2011-06-13,21.7,28.8,16.1,66.8,115.6,1.6,,0.0,10,38.6,0,24.2,22.5,,2011
165,760380A001,안동시 송천동,2011-06-14,21.4,30.5,13.9,71.1,110.6,1.3,,0.0,10,39.8,10,23.5,22.5,,2011
166,760380A001,안동시 송천동,2011-06-15,21.7,29.6,15.5,69.9,94.9,1.9,,0.0,10,38.6,0,23.6,22.3,,2011
167,760380A001,안동시 송천동,2011-06-16,20.0,28.9,14.5,74.6,104.0,2.1,,0.0,10,38.8,10,22.4,22.4,,2011
168,760380A001,안동시 송천동,2011-06-17,21.2,30.9,11.9,69.8,95.6,1.8,,0.0,10,30.1,10,24.4,22.4,,2011
169,760380A001,안동시 송천동,2011-06-18,22.2,28.6,17.6,76.4,95.3,1.3,,6.0,10,39.6,10,23.6,23.1,,2011
170,760380A001,안동시 송천동,2011-06-19,22.0,30.8,13.6,64.9,100.5,2.3,,0.0,10,39.8,10,23.8,22.7,,2011
171,760380A001,안동시 송천동,2011-06-20,20.9,31.2,14.4,84.9,103.7,1.1,,0.5,10,39.4,10,21.4,16.2,,2011
172,760380A001,안동시 송천동,2011-06-21,24.7,33.7,18.1,69.6,276.9,1.6,,0.0,10,39.4,10,27.6,22.7,,2011
173,760380A001,안동시 송천동,2011-06-22,23.3,29.9,18.2,88.8,224.2,1.0,,20.0,10,39.5,10,23.5,23.4,,2011
174,760380A001,안동시 송천동,2011-06-23,26.2,30.6,22.7,82.4,268.7,1.7,,1.0,1,37.5,10,24.0,23.6,,2011
175,760380A001,안동시 송천동,2011-06-24,20.5,25.9,16.5,99.0,98.7,2.2,,138.5,0,8.9,10,20.4,19.8,,2011
176,760380A001,안동시 송천동,2011-06-25,17.2,18.5,16.4,100.0,96.8,2.8,,45.0,0,15.8,10,18.4,17.7,,2011
177,760380A001,안동시 송천동,2011-06-26,18.7,20.7,16.4,100.0,94.7,3.4,,16.5,0,20.3,10,18.5,16.7,,2011
178,760380A001,안동시 송천동,2011-06-27,23.3,29.2,17.9,76.0,234.3,1.5,,0.0,10,39.4,10,22.5,18.1,,2011
179,760380A001,안동시 송천동,2011-06-28,24.4,32.6,16.4,74.8,234.3,0.4,,0.0,10,38.8,10,25.1,19.3,,2011
180,760380A001,안동시 송천동,2011-06-29,26.8,33.8,21.9,79.0,226.9,0.8,,0.0,10,35.2,0,27.5,21.6,,2011
181,760380A001,안동시 송천동,2011-06-30,25.4,29.3,21.5,81.4,251.0,0.2,,0.0,10,36.9,0,25.4,24.6,,2011
182,760380A001,안동시 송천동,2011-07-01,26.1,32.6,21.5,79.8,265.8,0.6,,0.0,10,39.6,0,26.9,25.1,,2011
183,760380A001,안동시 송천동,2011-07-02,26.5,33.6,20.3,78.9,265.0,0.4,,0.0,10,37.9,10,27.7,25.6,,2011
184,760380A001,안동시 송천동,2011-07-03,24.3,26.1,23.3,100.0,252.8,0.5,,32.5,0,15.2,10,24.0,25.4,,2011
185,760380A001,안동시 송천동,2011-07-04,25.3,31.0,19.5,78.0,269.1,1.3,,0.0,10,39.6,10,26.3,25.7,,2011
186,760380A001,안동시 송천동,2011-07-05,23.1,30.8,17.2,81.3,260.6,0.3,,0.0,10,39.4,10,24.5,25.3,,2011
187,760380A001,안동시 송천동,2011-07-06,22.2,29.1,17.5,85.7,114.8,0.4,,0.0,10,36.7,10,23.8,24.7,,2011
188,760380A001,안동시 송천동,2011-07-07,22.6,26.7,20.3,95.4,105.7,0.2,,1.0,1,36.4,0,23.0,24.3,,2011
189,760380A001,안동시 송천동,2011-07-08,24.1,26.4,21.9,97.3,276.2,0.6,,7.0,3,24.5,10,23.3,24.2,,2011
190,760380A001,안동시 송천동,2011-07-09,22.4,24.4,20.8,100.0,93.0,0.4,,39.5,0,14.0,10,22.3,23.7,,2011
191,760380A001,안동시 송천동,2011-07-10,21.0,23.0,19.3,100.0,106.9,0.3,,91.5,0,15.2,10,21.2,23.1,,2011
192,760380A001,안동시 송천동,2011-07-11,22.6,30.4,18.8,93.7,97.7,0.4,,21.5,10,39.5,10,23.3,23.3,,2011
193,760380A001,안동시 송천동,2011-07-12,23.5,29.2,20.5,97.0,88.6,0.3,,18.0,10,37.4,10,24.1,24.2,,2011
194,760380A001,안동시 송천동,2011-07-13,24.4,28.5,21.9,94.9,84.4,0.0,,1.0,7,36.9,10,24.7,24.5,,2011
195,760380A001,안동시 송천동,2011-07-14,25.2,30.7,22.3,95.1,109.6,0.1,,2.0,8,38.2,0,25.6,25.0,,2011
196,760380A001,안동시 송천동,2011-07-15,26.8,33.4,22.6,84.3,216.9,0.2,,0.0,10,39.6,0,27.9,25.9,,2011
197,760380A001,,2011-07-16,26.5,33.0,21.6,85.5,159.7,0.2,,0.0,10,38.8,0,28.2,26.6,,2011
198,760380A001,안동시 송천동,2011-07-17,27.1,34.4,22.3,79.1,88.9,1.0,,0.0,10,39.9,0,28.8,27.0,,2011
199,760380A001,안동시 송천동,2011-07-18,26.0,32.4,20.6,78.2,100.0,2.1,,0.0,10,39.8,0,28.0,27.0,,2011
200,760380A001,안동시 송천동,2011-07-19,27.4,31.4,22.6,67.8,94.3,2.8,,0.0,10,37.3,0,29.4,27.2,,2011
201,760380A001,안동시 송천동,2011-07-20,26.4,33.5,19.6,65.9,121.2,0.8,,17.0,10,39.0,0,28.4,27.2,,2011
202,760380A001,안동시 송천동,2011-07-21,23.0,30.6,17.2,77.7,98.3,2.3,,0.0,10,39.5,10,24.8,26.8,,2011
203,760380A001,안동시 송천동,2011-07-22,23.3,29.3,19.3,72.1,105.9,0.9,,0.0,10,39.2,0,26.3,25.6,,2011
204,760380A001,,2011-07-23,25.2,30.8,20.9,83.1,132.5,1.1,,0.0,10,39.0,0,27.2,26.8,,2011
205,760380A001,,2011-07-24,22.0,24.3,20.1,95.1,94.2,1.5,,11.0,0,18.4,10,23.5,25.9,,2011
206,760380A001,,2011-07-25,22.1,26.6,19.5,95.1,96.4,0.7,,4.5,10,35.4,10,23.8,22.1,,2011
207,760380A001,,2011-07-26,25.3,31.4,20.8,86.4,92.2,0.5,,0.0,10,39.1,0,25.3,25.4,,2011
208,760380A001,,2011-07-27,25.2,29.3,22.7,98.7,111.8,0.4,,17.5,5,34.5,10,25.1,3.5,,2011
209,760380A001,,2011-07-28,26.4,32.8,22.2,86.7,267.6,0.6,,1.0,10,38.1,10,26.6,8.0,,2011
210,760380A001,,2011-07-29,25.7,32.0,23.0,92.3,269.3,0.5,,0.5,10,39.2,10,26.2,25.2,,2011
211,760380A001,,2011-07-30,25.9,32.0,22.3,85.8,88.2,0.9,,0.0,10,38.9,0,26.8,26.8,,2011
212,760380A001,,2011-07-31,25.6,30.3,22.9,83.6,89.8,1.2,,0.0,9,39.2,0,26.4,27.0,,2011
213,760380A001,,2011-08-01,25.4,30.8,22.2,89.2,93.6,2.2,,7.0,10,39.5,10,26.1,26.8,,2011
214,760380A001,,2011-08-02,23.4,25.0,22.3,100.0,99.1,1.1,,96.5,0,20.0,10,23.9,21.1,,2011
215,760380A001,,2011-08-03,26.0,32.2,21.8,87.8,96.5,0.9,,0.0,10,37.2,10,26.3,-14.4,,2011
216,760380A001,,2011-08-04,27.0,34.3,21.6,82.4,110.3,0.5,,0.0,10,38.1,0,28.0,6.8,,2011
217,760380A001,,2011-08-05,26.7,33.6,21.3,79.1,97.0,1.4,,0.0,10,37.7,0,27.9,27.9,,2011
218,760380A001,,2011-08-06,25.6,31.0,21.1,85.5,95.8,1.7,,0.0,10,37.5,0,26.7,27.6,,2011
219,760380A001,,2011-08-07,26.9,30.8,22.5,77.6,99.8,3.4,,0.0,10,40.0,0,26.4,27.4,,2011
220,760380A001,,2011-08-08,27.8,32.9,23.9,75.1,113.5,2.6,,16.0,10,33.8,10,27.2,27.5,,2011
221,760380A001,,2011-08-09,23.3,25.0,21.9,99.9,284.9,0.8,,20.5,3,16.2,10,23.7,26.7,,2011
222,760380A001,,2011-08-10,25.0,29.6,22.9,94.3,270.7,1.0,,22.0,10,39.3,10,24.8,26.2,,2011
223,760380A001,,2011-08-11,26.6,33.2,20.8,83.9,273.0,0.8,,0.0,10,37.2,10,26.8,26.8,,2011
224,760380A001,,2011-08-12,24.9,30.5,21.3,94.6,214.2,0.9,,27.0,4,37.7,10,25.2,27.0,,2011
225,760380A001,,2011-08-13,25.6,33.2,21.1,84.7,121.1,0.7,,2.0,10,38.2,10,26.1,6.3,,2011
226,760380A001,,2011-08-14,25.8,32.9,22.8,89.9,266.7,0.6,,0.5,10,37.9,10,26.6,-13.7,,2011
227,760380A001,,2011-08-15,25.6,31.4,21.5,87.3,267.4,0.8,,0.0,10,39.0,0,26.5,-13.4,,2011
228,760380A001,,2011-08-16,25.8,32.1,21.5,89.1,258.7,0.5,,35.0,10,38.3,10,26.1,-13.6,,2011
229,760380A001,,2011-08-17,25.0,28.2,23.0,100.0,96.2,0.7,,10.0,0,23.0,10,24.9,-17.0,,2011
230,760380A001,,2011-08-18,24.2,30.3,21.7,89.9,95.6,1.6,,46.5,10,38.1,10,25.1,-12.8,,2011
231,760380A001,,2011-08-19,21.1,22.7,19.3,100.0,93.2,0.3,,5.5,0,19.6,10,22.5,-10.3,,2011
232,760380A001,,2011-08-20,21.3,24.3,18.7,99.7,247.9,0.3,,9.0,5,35.0,0,22.3,-10.0,,2011
233,760380A001,,2011-08-21,21.6,28.2,17.1,86.3,100.6,0.9,,0.0,10,39.4,0,23.0,-7.3,,2011
234,760380A001,,2011-08-22,19.8,24.7,16.5,95.0,89.3,0.7,,0.0,10,29.0,0,21.2,-15.7,,2011
235,760380A001,,2011-08-23,20.3,24.7,17.5,91.4,97.4,1.0,0.4,0.0,10,38.8,0,21.8,-4.0,,2011
236,760380A001,,2011-08-24,21.6,26.1,18.2,89.4,,0.0,2.7,2.0,65,1.6,0,22.4,23.0,,2011
237,760380A001,,2011-08-25,22.7,28.7,19.7,87.5,88.2,0.1,3.0,0.0,123,2.9,0,20.8,24.8,,2011
238,760380A001,,2011-08-26,23.1,27.0,20.1,87.9,86.1,0.0,2.7,0.0,1,0.6,0,18.5,24.6,,2011
239,760380A001,,2011-08-27,23.5,28.2,19.9,86.1,271.2,0.1,2.1,0.0,106,3.7,0,17.7,25.2,,2011
240,760380A001,,2011-08-28,24.0,29.8,18.9,85.4,59.3,0.1,2.3,0.0,323,9.1,0,17.4,26.8,,2011
241,760380A001,,2011-08-29,25.8,33.0,20.5,82.2,95.0,0.1,2.3,0.0,500,16.9,0,17.7,30.0,,2011
242,760380A001,,2011-08-30,25.9,33.5,20.9,84.2,123.5,0.1,2.4,1.0,443,11.5,0,18.0,29.4,,2011
243,760380A001,,2011-08-31,25.4,34.2,22.1,83.8,182.4,0.1,1.9,0.0,555,22.3,0,18.2,27.6,,2011
244,760380A001,,2011-09-01,26.3,35.8,21.1,77.2,163.9,0.2,3.2,0.0,495,20.5,0,17.8,29.5,,2011
245,760380A001,,2011-09-02,23.9,30.7,17.4,81.0,127.0,0.2,3.6,0.0,312,12.1,0,16.5,26.8,,2011
246,760380A001,,2011-09-03,24.3,30.2,19.7,74.1,156.0,0.3,6.4,0.0,226,8.0,0,15.4,27.5,,2011
247,760380A001,,2011-09-04,23.7,29.7,18.0,73.7,234.7,0.3,4.7,0.0,234,7.3,0,14.6,26.3,,2011
248,760380A001,,2011-09-05,21.3,30.2,17.0,84.8,242.7,0.2,4.2,14.5,334,12.6,0,13.6,25.7,,2011
249,760380A001,,2011-09-06,21.5,30.0,15.7,79.2,251.1,0.4,5.7,0.0,482,18.4,0,12.9,26.8,,2011
250,760380A001,,2011-09-07,20.6,29.0,14.3,80.5,212.8,0.2,5.6,0.0,320,12.4,0,12.1,25.8,,2011
251,760380A001,,2011-09-08,21.4,25.0,18.6,82.7,250.3,0.2,3.1,0.0,38,1.6,0,11.8,23.4,,2011
252,760380A001,,2011-09-09,20.6,23.8,18.4,86.5,265.2,0.2,3.5,6.5,10,1.0,0,11.0,22.4,,2011
253,760380A001,,2011-09-10,19.5,21.0,18.6,96.0,,0.0,3.6,17.0,0,0.8,0,10.7,20.9,,2011
254,760380A001,,2011-09-11,22.7,27.3,19.5,91.2,120.9,0.1,2.8,17.0,74,2.4,0,11.0,24.2,,2011
255,760380A001,,2011-09-12,24.5,29.3,22.4,92.2,160.0,0.1,3.4,4.0,90,3.0,0,12.0,25.8,,2011
256,760380A001,,2011-09-13,25.2,31.6,22.0,88.8,181.2,0.1,4.5,0.5,209,6.5,0,12.7,27.6,,2011
257,760380A001,,2011-09-14,26.3,33.4,21.6,84.2,172.4,0.2,3.6,0.0,456,15.5,0,13.8,30.0,,2011
258,760380A001,,2011-09-15,24.9,32.5,20.9,85.5,207.6,0.3,4.1,0.0,463,18.7,0,14.6,29.8,,2011
259,760380A001,,2011-09-16,25.5,34.0,21.1,81.4,164.2,0.2,3.7,0.0,508,20.8,0,15.4,28.9,,2011
260,760380A001,,2011-09-17,25.0,31.1,21.6,83.1,89.4,0.3,4.2,0.0,419,13.9,0,16.0,28.9,,2011
261,760380A001,,2011-09-18,22.1,25.0,19.0,79.3,89.0,0.4,5.7,0.0,7,1.2,0,15.5,24.3,,2011
262,760380A001,,2011-09-19,18.2,21.9,14.8,66.6,87.9,0.4,5.2,0.5,86,2.6,0,14.0,22.1,,2011
263,760380A001,,2011-09-20,16.5,21.9,12.2,76.7,99.9,0.2,6.1,0.5,241,8.1,0,13.0,21.1,,2011
264,760380A001,,2011-09-21,15.9,24.1,9.7,73.4,180.3,0.3,4.7,0.0,508,19.5,0,12.3,20.6,,2011
265,760380A001,,2011-09-22,14.9,25.8,7.3,74.1,210.9,0.3,4.8,0.0,540,23.8,0,12.1,21.3,,2011
266,760380A001,,2011-09-23,16.6,26.9,8.8,74.2,195.5,0.3,4.1,0.0,549,23.3,0,12.2,21.5,,2011
267,760380A001,,2011-09-24,17.4,26.9,11.2,76.5,178.9,0.2,4.9,0.0,569,23.3,0,12.3,21.5,,2011
268,760380A001,,2011-09-25,17.8,27.5,12.2,76.5,195.9,0.2,3.9,0.0,510,17.3,0,12.5,22.5,,2011
269,760380A001,,2011-09-26,16.9,28.0,9.3,73.9,140.5,0.2,3.7,0.0,493,21.7,0,12.5,22.0,,2011
270,760380A001,,2011-09-27,16.5,27.0,8.5,76.5,104.8,0.2,3.8,0.0,544,24.3,0,12.2,21.8,,2011
271,760380A001,,2011-09-28,17.3,24.4,11.8,86.2,97.0,0.1,2.9,0.0,54,1.7,0,12.1,20.1,,2011
272,760380A001,,2011-09-29,17.1,19.0,14.2,96.8,247.3,0.1,2.9,4.5,0,0.5,0,11.4,17.9,,2011
273,760380A001,,2011-09-30,17.7,23.6,10.3,69.9,255.4,0.6,7.5,0.5,552,17.7,0,11.2,21.1,,2011
274,760380A001,,2011-10-01,12.4,21.0,6.8,77.1,244.2,0.3,5.0,0.0,470,14.3,0,10.4,16.8,,2011
275,760380A001,,2011-10-02,11.4,20.0,5.7,73.5,264.5,0.4,5.5,0.0,465,12.6,0,9.7,15.6,,2011
276,760380A001,,2011-10-03,11.4,21.9,4.4,75.0,148.2,0.2,3.6,0.0,532,23.2,0,9.5,17.0,,2011
277,760380A001,,2011-10-04,12.8,22.8,5.7,75.6,230.3,0.3,4.0,0.0,555,24.2,0,9.6,18.3,,2011
278,760380A001,,2011-10-05,14.8,24.2,7.4,70.2,218.5,0.2,4.4,0.0,450,16.0,0,10.1,18.7,,2011
279,760380A001,,2011-10-06,13.3,23.1,5.4,72.9,252.8,0.6,9.8,0.0,461,10.7,0,9.6,15.3,,2011
280,760380A001,,2011-10-07,12.3,22.5,4.7,77.2,244.0,0.3,3.8,0.0,537,20.9,0,9.2,16.6,,2011
281,760380A001,,2011-10-08,13.3,23.5,6.6,77.0,188.6,0.2,3.4,0.0,481,18.1,0,9.4,17.8,,2011
282,760380A001,,2011-10-09,13.4,22.6,7.7,84.9,206.9,0.2,3.4,0.0,202,4.2,0,9.3,16.5,,2011
283,760380A001,,2011-10-10,15.0,25.2,9.8,81.8,205.9,0.2,4.1,0.0,427,12.6,0,9.4,18.4,,2011
284,760380A001,,2011-10-11,15.3,26.2,8.6,78.2,236.3,0.3,4.9,0.0,505,17.9,0,9.7,18.9,,2011
285,760380A001,,2011-10-12,13.9,22.6,7.4,80.0,202.2,0.2,4.0,0.0,255,7.0,0,9.3,17.5,,2011
286,760380A001,,2011-10-13,16.3,26.2,8.6,68.6,217.9,0.2,4.3,0.0,628,23.4,0,9.6,19.6,,2011
287,760380A001,,2011-10-14,13.7,15.4,9.9,93.4,69.3,0.1,2.1,6.0,0,0.4,0,9.0,14.5,,2011
288,760380A001,,2011-10-15,16.5,22.4,12.0,83.5,232.3,0.4,8.8,2.0,260,7.0,0,8.9,18.7,,2011
289,760380A001,,2011-10-16,15.6,21.1,11.5,68.3,268.4,0.9,7.6,0.0,370,12.1,0,8.2,15.2,,2011
290,760380A001,,2011-10-17,13.0,20.7,5.1,58.4,259.6,0.9,9.6,0.0,641,26.5,0,7.6,14.4,,2011
291,760380A001,,2011-10-18,8.9,19.7,0.0,71.3,148.0,0.2,3.6,0.0,630,27.4,0,6.7,12.6,,2011
292,760380A001,,2011-10-19,11.2,23.0,3.0,79.2,120.2,0.2,3.2,0.0,525,21.2,0,6.9,15.0,,2011
293,760380A001,,2011-10-20,14.4,22.3,8.7,78.1,103.4,0.2,2.8,0.0,446,11.9,0,7.7,15.9,,2011
294,760380A001,,2011-10-21,14.1,19.4,9.1,89.1,,0.0,2.8,8.5,0,0.5,0,7.4,14.7,,2011
295,760380A001,,2011-10-22,14.8,15.8,12.6,98.2,265.1,0.2,3.4,59.5,19,0.7,0,7.1,14.8,,2011
296,760380A001,,2011-10-23,14.0,18.6,11.1,92.7,182.0,0.1,3.7,0.0,93,2.4,0,7.1,16.2,,2011
297,760380A001,,2011-10-24,15.2,19.3,11.5,86.4,267.6,0.6,7.6,0.5,24,1.0,0,7.4,15.9,,2011
298,760380A001,,2011-10-25,8.3,14.0,0.6,62.9,267.5,0.8,7.3,0.0,618,25.9,0,6.3,12.9,,2011
299,760380A001,,2011-10-26,6.3,16.7,-0.6,74.8,209.4,0.3,4.9,0.0,544,23.3,0,5.0,9.8,,2011
300,760380A001,,2011-10-27,9.5,20.2,1.5,80.7,198.3,0.2,3.8,0.0,556,20.5,0,5.0,13.5,,2011
301,760380A001,,2011-10-28,11.9,21.4,5.8,82.0,179.9,0.2,3.6,0.0,352,10.9,0,5.8,14.8,,2011
302,760380A001,,2011-10-29,13.3,18.2,8.4,85.0,89.7,0.2,3.0,0.0,20,0.8,0,6.1,13.8,,2011
303,760380A001,,2011-10-30,15.2,20.9,10.0,86.4,263.1,0.2,2.3,0.5,141,4.4,0,6.5,16.4,,2011
304,760380A001,,2011-10-31,12.5,22.7,7.3,78.4,117.6,0.2,4.2,0.0,341,12.8,0,6.7,15.3,,2011
305,760380A001,,2011-11-01,13.7,22.0,6.6,81.0,121.1,0.1,2.4,0.0,139,4.7,0,6.3,15.2,,2011
306,760380A001,,2011-11-02,15.3,23.3,10.9,87.1,119.9,0.1,3.6,0.0,185,5.4,0,6.8,16.5,,2011
307,760380A001,,2011-11-03,17.4,25.0,12.3,80.0,92.1,0.3,3.8,0.0,353,11.9,0,7.2,18.8,,2011
308,760380A001,,2011-11-04,17.8,24.9,12.1,82.1,93.6,0.2,4.2,0.0,329,10.8,0,7.6,19.4,,2011
309,760380A001,,2011-11-05,19.8,25.7,16.1,83.5,217.9,0.3,4.8,10.0,307,10.3,0,8.3,21.7,,2011
310,760380A001,,2011-11-06,16.2,19.4,13.7,88.2,91.9,0.2,3.4,3.5,0,0.4,0,8.2,16.6,,2011
311,760380A001,,2011-11-07,15.0,18.3,12.4,90.3,222.5,0.1,2.0,0.0,15,0.7,0,7.2,16.3,,2011
312,760380A001,,2011-11-08,14.1,17.0,11.8,81.4,90.8,0.4,5.1,0.0,20,0.9,0,6.5,15.0,,2011
313,760380A001,,2011-11-09,13.1,15.7,8.3,77.3,91.3,0.5,4.0,0.0,0,0.5,0,5.8,13.1,,2011
314,760380A001,,2011-11-10,11.6,18.0,6.7,79.0,100.2,0.4,5.7,0.0,282,9.3,0,5.1,14.0,,2011
315,760380A001,,2011-11-11,12.3,17.7,7.5,82.6,200.1,0.2,4.2,0.0,77,2.3,0,5.2,13.5,,2011
316,760380A001,,2011-11-12,10.5,16.9,6.8,84.7,246.0,0.5,7.9,0.0,275,7.5,0,5.0,12.5,,2011
317,760380A001,,2011-11-13,9.9,17.5,4.8,75.6,254.9,0.5,7.5,0.0,125,3.0,0,4.4,10.3,,2011
318,760380A001,,2011-11-14,6.3,14.6,0.3,64.9,259.9,0.7,8.0,0.0,571,23.6,0,3.6,8.5,,2011
319,760380A001,,2011-11-15,4.7,14.3,-1.4,66.1,243.0,0.4,5.5,0.0,542,19.3,0,3.0,7.4,,2011
320,760380A001,,2011-11-16,6.1,17.4,-1.8,71.3,247.3,0.5,4.7,0.0,506,16.5,0,2.7,8.3,,2011
321,760380A001,,2011-11-17,9.1,15.0,3.1,80.2,105.1,0.2,2.5,0.0,52,1.2,0,3.4,9.0,,2011
322,760380A001,,2011-11-18,12.6,15.2,9.5,96.5,101.4,0.0,2.2,9.0,0,0.4,0,4.1,12.3,,2011
323,760380A001,,2011-11-19,14.2,19.6,8.0,82.5,266.2,1.1,10.0,0.5,187,5.6,0,5.1,13.8,,2011
324,760380A001,,2011-11-20,4.5,8.1,0.6,41.8,264.9,2.2,11.9,0.0,565,25.1,0,3.2,5.3,,2011
325,760380A001,,2011-11-21,1.4,8.9,-4.2,47.4,256.5,0.8,8.2,0.0,564,25.4,0,1.4,3.5,,2011
326,760380A001,,2011-11-22,1.5,7.2,-5.3,70.9,210.4,0.3,3.7,0.0,233,5.3,0,0.7,3.2,,2011
327,760380A001,,2011-11-23,4.4,10.7,1.3,82.8,266.2,1.6,11.1,6.0,117,3.4,0,1.2,4.8,,2011
328,760380A001,,2011-11-24,1.5,6.0,-2.2,49.4,263.8,1.4,8.4,0.0,554,24.3,0,0.3,3.4,,2011
329,760380A001,,2011-11-25,1.1,9.7,-5.1,69.6,244.9,0.5,5.3,0.0,547,21.0,0,-0.2,4.0,,2011
330,760380A001,,2011-11-26,2.6,11.7,-4.6,81.6,159.5,0.3,4.2,0.0,286,10.7,0,0.0,5.6,,2011
331,760380A001,,2011-11-27,6.3,16.9,-0.3,84.6,196.6,0.3,4.9,0.0,420,10.4,0,0.9,8.3,,2011
332,760380A001,,2011-11-28,7.6,13.3,3.0,93.1,131.1,0.2,5.3,0.0,26,0.9,0,1.7,8.0,,2011
333,760380A001,,2011-11-29,11.2,15.2,8.3,89.1,139.7,0.5,6.6,0.5,117,2.3,0,2.5,11.4,,2011
334,760380A001,,2011-11-30,8.1,12.0,3.7,88.4,90.1,0.9,5.8,23.0,0,0.4,0,2.9,7.7,,2011
335,760380A001,,2011-12-01,5.5,7.8,4.1,80.4,93.8,1.0,6.8,0.0,0,0.5,0,1.8,6.4,,2011
336,760380A001,,2011-12-02,5.4,9.9,-0.8,84.7,92.9,0.4,7.5,0.0,193,3.3,0,1.1,6.1,,2011
337,760380A001,,2011-12-03,5.8,8.7,0.9,94.3,261.6,0.7,5.5,12.0,40,1.5,0,1.3,6.1,,2011
338,760380A001,,2011-12-04,3.4,9.2,-0.8,81.3,253.9,0.7,8.4,0.0,348,10.3,0,0.7,5.4,,2011
339,760380A001,,2011-12-05,0.9,7.9,-4.6,73.5,124.5,0.3,3.2,0.0,461,13.8,0,-0.3,3.6,,2011
340,760380A001,,2011-12-06,2.0,7.1,-0.8,90.3,123.1,0.4,3.4,0.5,95,2.4,0,-0.8,2.9,,2011
341,760380A001,,2011-12-07,4.2,8.7,0.5,79.9,,0.0,5.5,0.0,123,3.1,0,-0.9,5.0,,2011
342,760380A001,,2011-12-08,3.7,8.6,0.7,68.8,,0.0,8.3,0.0,340,9.0,0,-0.5,4.7,,2011
343,760380A001,,2011-12-09,-0.3,4.2,-4.7,62.3,,0.0,6.6,0.0,250,8.8,0,-1.3,0.8,,2011
344,760380A001,,2011-12-10,-1.3,4.4,-6.7,65.2,,0.0,9.9,0.0,519,21.6,0,-2.2,-0.3,,2011
345,760380A001,,2011-12-11,2.5,8.1,-3.6,71.3,,0.0,8.3,0.0,484,18.2,0,-2.3,3.4,,2011
346,760380A001,,2011-12-12,4.9,10.4,-2.7,70.2,,0.0,7.7,0.0,147,3.7,0,-1.3,4.7,,2011
347,760380A001,,2011-12-13,0.7,10.3,-6.3,76.7,,0.0,4.1,0.0,431,16.4,0,-1.6,2.4,,2011
348,760380A001,,2011-12-14,2.7,11.2,-4.3,78.9,,0.0,7.3,0.0,281,10.7,0,-1.6,3.8,,2011
349,760380A001,,2011-12-15,1.1,6.3,-4.4,47.1,,0.0,9.4,0.0,479,15.9,0,-1.5,1.1,,2011
350,760380A001,,2011-12-16,-3.9,0.0,-6.7,43.9,,0.0,11.0,0.0,528,23.1,0,-2.7,-2.7,,2011
351,760380A001,,2011-12-17,-5.3,1.5,-12.2,55.3,,0.0,9.1,0.0,529,22.6,0,-3.5,-3.7,,2011
352,760380A001,,2011-12-18,-2.6,4.5,-8.1,64.6,,0.0,8.7,0.0,366,11.6,0,-3.7,-2.0,,2011
353,760380A001,,2011-12-19,-2.9,5.8,-10.5,66.8,,0.0,7.3,0.0,507,16.0,0,-3.8,-2.1,,2011
354,760380A001,,2011-12-20,-3.3,5.1,-9.9,67.6,,0.0,5.5,0.0,400,13.1,0,-3.9,-1.9,,2011
355,760380A001,,2011-12-21,0.5,7.0,-5.7,70.2,,0.0,6.8,0.0,201,3.6,0,-3.8,0.5,,2011
356,760380A001,,2011-12-22,-0.9,3.2,-7.7,46.3,,0.0,14.1,0.0,508,21.3,0,-3.7,-0.6,,2011
357,760380A001,,2011-12-23,-6.3,1.5,-13.0,51.3,,0.0,7.1,0.0,526,22.5,0,-3.9,-4.2,,2011
358,760380A001,,2011-12-24,-4.3,1.8,-10.1,55.6,,0.0,12.1,0.0,500,19.7,0,-4.1,-3.0,,2011
359,760380A001,,2011-12-25,-4.1,0.6,-8.8,37.9,,0.0,15.3,0.0,529,22.4,0,-4.3,-3.9,,2011
360,760380A001,,2011-12-26,-5.4,1.5,-11.8,41.1,,0.0,8.4,0.0,530,23.3,0,-4.4,-5.4,,2011
361,760380A001,,2011-12-27,-6.4,3.4,-12.8,57.1,,0.0,5.1,0.0,465,16.7,0,-4.6,-4.7,,2011
362,760380A001,,2011-12-28,-3.8,5.8,-11.1,69.8,,0.0,5.5,0.0,409,9.4,0,-4.7,-2.9,,2011
363,760380A001,,2011-12-29,-0.5,6.9,-6.4,68.7,,0.0,6.6,0.0,420,10.3,0,-4.6,-0.5,,2011
364,760380A001,,2011-12-30,-3.7,5.4,-10.1,77.2,,0.0,4.4,0.0,436,12.4,0,-4.5,-2.8,,2011
365,760380A001,,2011-12-31,-3.8,4.6,-9.5,71.1,,0.0,9.3,0.0,355,9.6,0,-4.5,-2.5,,2011
